시도,시군구,연도,호수,면적
강원,강릉시,2015,4101,288
강원,강릉시,2016,5233,353
강원,강릉시,2017,5896,399
강원,강릉시,2018,6743,480
강원,강릉시,2019,5387,399
강원,강릉시,2020,5444,375
강원,강릉시,2021,10408,776
강원,강릉시,2022,4366,282
강원,강릉시,2023,3581,300
강원,강릉시,2024,3537,258
강원,고성군,2015,160,9
강원,고성군,2016,166,10
강원,고성군,2017,146,8
강원,고성군,2018,612,47
강원,고성군,2019,587,43
강원,고성군,2020,621,44
강원,고성군,2021,870,61
강원,고성군,2022,760,54
강원,고성군,2023,643,48
강원,고성군,2024,250,18
강원,동해시,2015,1324,85
강원,동해시,2016,1979,125
강원,동해시,2017,2649,181
강원,동해시,2018,2134,148
강원,동해시,2019,1682,117
강원,동해시,2020,2502,176
강원,동해시,2021,3346,244
강원,동해시,2022,1503,96
강원,동해시,2023,1416,95
강원,동해시,2024,1728,133
강원,삼척시,2015,1296,81
강원,삼척시,2016,760,47
강원,삼척시,2017,954,61
강원,삼척시,2018,1777,120
강원,삼척시,2019,615,38
강원,삼척시,2020,1021,66
강원,삼척시,2021,2326,171
강원,삼척시,2022,1231,82
강원,삼척시,2023,677,45
강원,삼척시,2024,1096,72
강원,속초시,2015,2599,187
강원,속초시,2016,5259,330
강원,속초시,2017,4845,342
강원,속초시,2018,4959,378
강원,속초시,2019,3958,289
강원,속초시,2020,5785,433
강원,속초시,2021,4076,285
강원,속초시,2022,2002,130
강원,속초시,2023,1692,118
강원,속초시,2024,2269,175
강원,양구군,2015,427,34
강원,양구군,2016,59,4
강원,양구군,2017,123,9
강원,양구군,2018,238,19
강원,양구군,2019,175,13
강원,양구군,2020,103,8
강원,양구군,2021,99,7
강원,양구군,2022,86,6
강원,양구군,2023,87,6
강원,양구군,2024,59,4
강원,양양군,2015,409,21
강원,양양군,2016,654,40
강원,양양군,2017,954,65
강원,양양군,2018,837,58
강원,양양군,2019,593,40
강원,양양군,2020,659,45
강원,양양군,2021,696,42
강원,양양군,2022,555,33
강원,양양군,2023,470,32
강원,양양군,2024,319,21
강원,영월군,2015,214,14
강원,영월군,2016,405,26
강원,영월군,2017,407,25
강원,영월군,2018,388,23
강원,영월군,2019,470,34
강원,영월군,2020,347,23
강원,영월군,2021,600,40
강원,영월군,2022,272,17
강원,영월군,2023,237,14
강원,영월군,2024,251,15
강원,원주시,2015,10459,770
강원,원주시,2016,12826,935
강원,원주시,2017,14600,1119
강원,원주시,2018,11987,876
강원,원주시,2019,13276,998
강원,원주시,2020,16685,1262
강원,원주시,2021,16177,1179
강원,원주시,2022,9334,721
강원,원주시,2023,10205,798
강원,원주시,2024,10827,823
강원,인제군,2015,113,7
강원,인제군,2016,103,7
강원,인제군,2017,114,7
강원,인제군,2018,364,25
강원,인제군,2019,221,16
강원,인제군,2020,299,22
강원,인제군,2021,290,14
강원,인제군,2022,168,10
강원,인제군,2023,112,6
강원,인제군,2024,115,8
강원,정선군,2015,343,19
강원,정선군,2016,306,17
강원,정선군,2017,351,20
강원,정선군,2018,379,21
강원,정선군,2019,403,21
강원,정선군,2020,283,15
강원,정선군,2021,526,29
강원,정선군,2022,287,15
강원,정선군,2023,431,24
강원,정선군,2024,408,23
강원,철원군,2015,147,9
강원,철원군,2016,309,22
강원,철원군,2017,137,9
강원,철원군,2018,135,9
강원,철원군,2019,118,8
강원,철원군,2020,152,10
강원,철원군,2021,230,16
강원,철원군,2022,450,35
강원,철원군,2023,238,21
강원,철원군,2024,211,15
강원,춘천시,2015,6910,524
강원,춘천시,2016,13661,1110
강원,춘천시,2017,8399,641
강원,춘천시,2018,8130,636
강원,춘천시,2019,10077,804
강원,춘천시,2020,10239,808
강원,춘천시,2021,8270,639
강원,춘천시,2022,4109,299
강원,춘천시,2023,6570,504
강원,춘천시,2024,5462,420
강원,태백시,2015,743,42
강원,태백시,2016,592,36
강원,태백시,2017,551,33
강원,태백시,2018,755,45
강원,태백시,2019,754,48
강원,태백시,2020,669,38
강원,태백시,2021,655,35
강원,태백시,2022,582,31
강원,태백시,2023,628,34
강원,태백시,2024,564,31
강원,평창군,2015,564,29
강원,평창군,2016,781,46
강원,평창군,2017,549,28
강원,평창군,2018,1202,78
강원,평창군,2019,597,35
강원,평창군,2020,767,42
강원,평창군,2021,846,52
강원,평창군,2022,865,54
강원,평창군,2023,535,29
강원,평창군,2024,782,37
강원,홍천군,2015,538,32
강원,홍천군,2016,1188,77
강원,홍천군,2017,503,30
강원,홍천군,2018,406,24
강원,홍천군,2019,481,29
강원,홍천군,2020,499,30
강원,홍천군,2021,1332,98
강원,홍천군,2022,706,48
강원,홍천군,2023,540,46
강원,홍천군,2024,818,59
강원,화천군,2015,88,5
강원,화천군,2016,56,4
강원,화천군,2017,228,13
강원,화천군,2018,40,2
강원,화천군,2019,37,2
강원,화천군,2020,41,3
강원,화천군,2021,53,3
강원,화천군,2022,32,2
강원,화천군,2023,44,0
강원,화천군,2024,32,1
강원,횡성군,2015,230,15
강원,횡성군,2016,239,15
강원,횡성군,2017,306,20
강원,횡성군,2018,918,63
강원,횡성군,2019,437,31
강원,횡성군,2020,432,30
강원,횡성군,2021,566,38
강원,횡성군,2022,347,22
강원,횡성군,2023,297,21
강원,횡성군,2024,343,23
경기,가평군,2015,529,42
경기,가평군,2016,343,27
경기,가평군,2017,358,28
경기,가평군,2018,586,43
경기,가평군,2019,347,26
경기,가평군,2020,686,52
경기,가평군,2021,2234,171
경기,가평군,2022,583,46
경기,가평군,2023,518,38
경기,가평군,2024,514,42
경기,고양시,2015,53850,4368
경기,고양시,2016,53542,4304
경기,고양시,2017,55914,4399
경기,고양시,2018,51662,4030
경기,고양시,2019,46638,3779
경기,고양시,2020,65360,5260
경기,고양시,2021,35922,2608
경기,고양시,2022,17124,1224
경기,고양시,2023,21776,1654
경기,고양시,2024,31936,2492
경기,과천시,2015,1033,73
경기,과천시,2016,1107,79
경기,과천시,2017,964,68
경기,과천시,2018,4966,369
경기,과천시,2019,5110,396
경기,과천시,2020,4137,299
경기,과천시,2021,2794,209
경기,과천시,2022,1036,53
경기,과천시,2023,774,56
경기,과천시,2024,3553,244
경기,광명시,2015,6516,457
경기,광명시,2016,6445,460
경기,광명시,2017,8037,586
경기,광명시,2018,10140,687
경기,광명시,2019,6620,436
경기,광명시,2020,10638,727
경기,광명시,2021,6006,379
경기,광명시,2022,7074,507
경기,광명시,2023,10842,684
경기,광명시,2024,8771,562
경기,광주시,2015,4028,351
경기,광주시,2016,6220,495
경기,광주시,2017,9641,741
경기,광주시,2018,10386,807
경기,광주시,2019,8402,650
경기,광주시,2020,9419,760
경기,광주시,2021,7757,603
경기,광주시,2022,6410,502
경기,광주시,2023,4144,314
경기,광주시,2024,3941,310
경기,구리시,2015,4503,333
경기,구리시,2016,5727,438
경기,구리시,2017,6095,467
경기,구리시,2018,6429,488
경기,구리시,2019,3050,213
경기,구리시,2020,4240,302
경기,구리시,2021,2471,169
경기,구리시,2022,896,56
경기,구리시,2023,1827,122
경기,구리시,2024,3121,208
경기,군포시,2015,6761,470
경기,군포시,2016,5684,405
경기,군포시,2017,6199,445
경기,군포시,2018,7164,520
경기,군포시,2019,4219,301
경기,군포시,2020,8141,571
경기,군포시,2021,5181,332
경기,군포시,2022,1306,79
경기,군포시,2023,2160,155
경기,군포시,2024,4141,303
경기,김포시,2015,11483,988
경기,김포시,2016,13323,1081
경기,김포시,2017,24261,1969
경기,김포시,2018,27556,2275
경기,김포시,2019,22536,1775
경기,김포시,2020,23291,1893
경기,김포시,2021,8485,689
경기,김포시,2022,2419,189
경기,김포시,2023,5410,442
경기,김포시,2024,11057,843
경기,남양주시,2015,17428,1428
경기,남양주시,2016,13606,1114
경기,남양주시,2017,19578,1571
경기,남양주시,2018,26817,2115
경기,남양주시,2019,25441,1960
경기,남양주시,2020,22550,1787
경기,남양주시,2021,12140,934
경기,남양주시,2022,3501,259
경기,남양주시,2023,6694,518
경기,남양주시,2024,7632,603
경기,동두천시,2015,2462,171
경기,동두천시,2016,3357,223
경기,동두천시,2017,1759,124
경기,동두천시,2018,1960,146
경기,동두천시,2019,1400,101
경기,동두천시,2020,2530,175
경기,동두천시,2021,3205,220
경기,동두천시,2022,1038,68
경기,동두천시,2023,896,61
경기,동두천시,2024,1044,69
경기,부천시,2015,29996,2136
경기,부천시,2016,20873,1502
경기,부천시,2017,15199,1088
경기,부천시,2018,17189,1284
경기,부천시,2019,16471,1167
경기,부천시,2020,17181,1216
경기,부천시,2021,10733,693
경기,부천시,2022,6002,377
경기,부천시,2023,6678,448
경기,부천시,2024,22324,1512
경기,성남시,2015,30582,2506
경기,성남시,2016,43048,3722
경기,성남시,2017,47562,3975
경기,성남시,2018,26892,2166
경기,성남시,2019,47560,3592
경기,성남시,2020,38472,2905
경기,성남시,2021,26392,1924
경기,성남시,2022,6592,476
경기,성남시,2023,16294,1140
경기,성남시,2024,30804,2216
경기,수원시,2015,56332,4291
경기,수원시,2016,51236,3891
경기,수원시,2017,61814,4750
경기,수원시,2018,64114,5004
경기,수원시,2019,61026,4668
경기,수원시,2020,103806,7554
경기,수원시,2021,60488,4252
경기,수원시,2022,17466,1302
경기,수원시,2023,27768,2028
경기,수원시,2024,34776,2613
경기,시흥시,2015,11650,797
경기,시흥시,2016,15818,1100
경기,시흥시,2017,17701,1316
경기,시흥시,2018,24409,1881
경기,시흥시,2019,20765,1583
경기,시흥시,2020,31623,2284
경기,시흥시,2021,11053,686
경기,시흥시,2022,6974,471
경기,시흥시,2023,11214,809
경기,시흥시,2024,7309,497
경기,안산시,2015,19216,1328
경기,안산시,2016,16986,1233
경기,안산시,2017,35384,2612
경기,안산시,2018,21650,1601
경기,안산시,2019,23982,1697
경기,안산시,2020,44118,3134
경기,안산시,2021,20472,1373
경기,안산시,2022,4602,312
경기,안산시,2023,8996,632
경기,안산시,2024,12884,892
경기,안성시,2015,3538,227
경기,안성시,2016,5245,332
경기,안성시,2017,3843,251
경기,안성시,2018,6887,487
경기,안성시,2019,3686,245
경기,안성시,2020,6671,452
경기,안성시,2021,9731,652
경기,안성시,2022,6259,444
경기,안성시,2023,4776,330
경기,안성시,2024,5519,395
경기,안양시,2015,26226,1856
경기,안양시,2016,27128,2002
경기,안양시,2017,25686,1874
경기,안양시,2018,36474,2516
경기,안양시,2019,31882,2203
경기,안양시,2020,32224,2186
경기,안양시,2021,30634,2116
경기,안양시,2022,18264,1173
경기,안양시,2023,13312,864
경기,안양시,2024,20692,1448
경기,양주시,2015,4854,363
경기,양주시,2016,4626,343
경기,양주시,2017,7549,538
경기,양주시,2018,9257,723
경기,양주시,2019,5722,446
경기,양주시,2020,20658,1628
경기,양주시,2021,11577,875
경기,양주시,2022,6197,450
경기,양주시,2023,6018,450
경기,양주시,2024,6877,474
경기,양평군,2015,606,53
경기,양평군,2016,1075,81
경기,양평군,2017,1354,99
경기,양평군,2018,721,60
경기,양평군,2019,964,75
경기,양평군,2020,1971,155
경기,양평군,2021,6009,461
경기,양평군,2022,724,57
경기,양평군,2023,1546,118
경기,양평군,2024,1043,78
경기,여주시,2015,1653,112
경기,여주시,2016,1377,86
경기,여주시,2017,916,63
경기,여주시,2018,1055,77
경기,여주시,2019,1708,130
경기,여주시,2020,3864,296
경기,여주시,2021,3072,215
경기,여주시,2022,1185,78
경기,여주시,2023,1212,83
경기,여주시,2024,2262,166
경기,연천군,2015,203,13
경기,연천군,2016,204,14
경기,연천군,2017,225,15
경기,연천군,2018,407,31
경기,연천군,2019,202,14
경기,연천군,2020,247,17
경기,연천군,2021,908,67
경기,연천군,2022,782,62
경기,연천군,2023,366,27
경기,연천군,2024,380,28
경기,오산시,2015,4734,353
경기,오산시,2016,3965,297
경기,오산시,2017,8273,615
경기,오산시,2018,6530,496
경기,오산시,2019,7878,581
경기,오산시,2020,8908,658
경기,오산시,2021,12309,876
경기,오산시,2022,4669,347
경기,오산시,2023,4539,319
경기,오산시,2024,10987,827
경기,용인시,2015,51626,4836
경기,용인시,2016,45058,3986
경기,용인시,2017,63216,5224
경기,용인시,2018,106724,9034
경기,용인시,2019,65884,5374
경기,용인시,2020,67940,6015
경기,용인시,2021,49576,3971
경기,용인시,2022,21858,1776
경기,용인시,2023,26762,2218
경기,용인시,2024,39296,3194
경기,의왕시,2015,3169,240
경기,의왕시,2016,2739,214
경기,의왕시,2017,6010,491
경기,의왕시,2018,6087,457
경기,의왕시,2019,7635,609
경기,의왕시,2020,5451,420
경기,의왕시,2021,3534,234
경기,의왕시,2022,848,58
경기,의왕시,2023,6003,411
경기,의왕시,2024,3400,241
경기,의정부시,2015,10557,751
경기,의정부시,2016,9784,685
경기,의정부시,2017,19177,1316
경기,의정부시,2018,12455,845
경기,의정부시,2019,15351,1041
경기,의정부시,2020,16435,1121
경기,의정부시,2021,12411,838
경기,의정부시,2022,6117,403
경기,의정부시,2023,4611,311
경기,의정부시,2024,9223,667
경기,이천시,2015,3699,271
경기,이천시,2016,3865,280
경기,이천시,2017,4574,344
경기,이천시,2018,3912,292
경기,이천시,2019,3991,311
경기,이천시,2020,3599,267
경기,이천시,2021,6519,467
경기,이천시,2022,6197,459
경기,이천시,2023,3900,303
경기,이천시,2024,5352,406
경기,파주시,2015,10750,916
경기,파주시,2016,8294,665
경기,파주시,2017,8817,692
경기,파주시,2018,18161,1396
경기,파주시,2019,9202,694
경기,파주시,2020,20591,1667
경기,파주시,2021,16147,1257
경기,파주시,2022,13577,1002
경기,파주시,2023,9372,729
경기,파주시,2024,10679,820
경기,평택시,2015,11936,838
경기,평택시,2016,15683,1155
경기,평택시,2017,19535,1470
경기,평택시,2018,23991,1820
경기,평택시,2019,24648,1857
경기,평택시,2020,28252,2145
경기,평택시,2021,22482,1563
경기,평택시,2022,16241,1164
경기,평택시,2023,20140,1490
경기,평택시,2024,20252,1624
경기,포천시,2015,1200,84
경기,포천시,2016,1138,77
경기,포천시,2017,1872,128
경기,포천시,2018,1485,106
경기,포천시,2019,940,67
경기,포천시,2020,1805,126
경기,포천시,2021,4171,307
경기,포천시,2022,1047,66
경기,포천시,2023,1115,76
경기,포천시,2024,1005,70
경기,하남시,2015,9927,798
경기,하남시,2016,18164,1501
경기,하남시,2017,10186,837
경기,하남시,2018,14236,1099
경기,하남시,2019,12658,1002
경기,하남시,2020,9712,722
경기,하남시,2021,6706,441
경기,하남시,2022,2274,173
경기,하남시,2023,2890,223
경기,하남시,2024,4299,331
경기,화성시,2015,33748,2792
경기,화성시,2016,27527,2170
경기,화성시,2017,36493,2828
경기,화성시,2018,50722,3953
경기,화성시,2019,44214,3501
경기,화성시,2020,37359,2925
경기,화성시,2021,28615,2106
경기,화성시,2022,12072,906
경기,화성시,2023,19823,1587
경기,화성시,2024,17638,1378
경남,거제시,2015,8996,650
경남,거제시,2016,5785,435
경남,거제시,2017,6129,458
경남,거제시,2018,7445,547
경남,거제시,2019,3464,257
경남,거제시,2020,6891,522
경남,거제시,2021,12596,948
경남,거제시,2022,3710,276
경남,거제시,2023,2566,190
경남,거제시,2024,3262,244
경남,거창군,2015,571,42
경남,거창군,2016,1549,118
경남,거창군,2017,741,53
경남,거창군,2018,1008,74
경남,거창군,2019,561,41
경남,거창군,2020,565,43
경남,거창군,2021,1367,110
경남,거창군,2022,1455,125
경남,거창군,2023,522,44
경남,거창군,2024,648,49
경남,고성군,2015,350,24
경남,고성군,2016,700,51
경남,고성군,2017,349,26
경남,고성군,2018,232,16
경남,고성군,2019,195,14
경남,고성군,2020,283,20
경남,고성군,2021,320,23
경남,고성군,2022,338,26
경남,고성군,2023,284,20
경남,고성군,2024,370,29
경남,김해시,2015,14642,1101
경남,김해시,2016,12782,950
경남,김해시,2017,13493,1010
경남,김해시,2018,10588,777
경남,김해시,2019,20706,1601
경남,김해시,2020,20729,1581
경남,김해시,2021,18904,1436
경남,김해시,2022,9965,755
경남,김해시,2023,10715,844
경남,김해시,2024,9350,714
경남,남해군,2015,122,9
경남,남해군,2016,83,6
경남,남해군,2017,217,15
경남,남해군,2018,102,7
경남,남해군,2019,149,11
경남,남해군,2020,163,12
경남,남해군,2021,150,11
경남,남해군,2022,134,10
경남,남해군,2023,64,2
경남,남해군,2024,60,5
경남,밀양시,2015,1427,105
경남,밀양시,2016,1607,121
경남,밀양시,2017,2678,209
경남,밀양시,2018,1683,127
경남,밀양시,2019,1330,103
경남,밀양시,2020,1694,129
경남,밀양시,2021,1997,153
경남,밀양시,2022,1478,110
경남,밀양시,2023,996,73
경남,밀양시,2024,1164,88
경남,사천시,2015,2238,168
경남,사천시,2016,1978,138
경남,사천시,2017,5596,402
경남,사천시,2018,2294,168
경남,사천시,2019,1409,103
경남,사천시,2020,1895,136
경남,사천시,2021,2527,187
경남,사천시,2022,3794,288
경남,사천시,2023,1876,140
경남,사천시,2024,2438,186
경남,산청군,2015,381,28
경남,산청군,2016,143,10
경남,산청군,2017,98,7
경남,산청군,2018,100,7
경남,산청군,2019,93,6
경남,산청군,2020,239,16
경남,산청군,2021,136,9
경남,산청군,2022,81,5
경남,산청군,2023,154,7
경남,산청군,2024,132,8
경남,양산시,2015,15938,1160
경남,양산시,2016,22837,1681
경남,양산시,2017,25944,1930
경남,양산시,2018,10895,792
경남,양산시,2019,10917,805
경남,양산시,2020,17606,1299
경남,양산시,2021,16935,1221
경남,양산시,2022,8369,588
경남,양산시,2023,5565,398
경남,양산시,2024,5753,413
경남,의령군,2015,42,3
경남,의령군,2016,38,3
경남,의령군,2017,53,4
경남,의령군,2018,193,16
경남,의령군,2019,168,14
경남,의령군,2020,94,8
경남,의령군,2021,78,6
경남,의령군,2022,96,7
경남,의령군,2023,39,2
경남,의령군,2024,60,3
경남,진주시,2015,10376,791
경남,진주시,2016,9482,725
경남,진주시,2017,10230,807
경남,진주시,2018,8792,721
경남,진주시,2019,10609,865
경남,진주시,2020,8828,710
경남,진주시,2021,10102,797
경남,진주시,2022,4813,356
경남,진주시,2023,4465,350
경남,진주시,2024,7058,573
경남,창녕군,2015,735,45
경남,창녕군,2016,937,70
경남,창녕군,2017,998,63
경남,창녕군,2018,407,30
경남,창녕군,2019,531,36
경남,창녕군,2020,422,30
경남,창녕군,2021,474,34
경남,창녕군,2022,351,25
경남,창녕군,2023,307,22
경남,창녕군,2024,287,19
경남,창원시,2015,63834,4902
경남,창원시,2016,34146,2544
경남,창원시,2017,46854,3562
경남,창원시,2018,30234,2242
경남,창원시,2019,39946,2475
경남,창원시,2020,65732,4738
경남,창원시,2021,52520,3950
경남,창원시,2022,35780,2619
경남,창원시,2023,34134,2539
경남,창원시,2024,31018,2313
경남,통영시,2015,3703,280
경남,통영시,2016,2709,198
경남,통영시,2017,2155,159
경남,통영시,2018,3260,242
경남,통영시,2019,1749,129
경남,통영시,2020,1947,146
경남,통영시,2021,2142,160
경남,통영시,2022,2030,152
경남,통영시,2023,1293,94
경남,통영시,2024,1264,93
경남,하동군,2015,117,8
경남,하동군,2016,138,9
경남,하동군,2017,148,11
경남,하동군,2018,144,10
경남,하동군,2019,115,8
경남,하동군,2020,156,11
경남,하동군,2021,149,10
경남,하동군,2022,150,10
경남,하동군,2023,104,6
경남,하동군,2024,111,8
경남,함안군,2015,1306,91
경남,함안군,2016,651,46
경남,함안군,2017,1102,76
경남,함안군,2018,513,36
경남,함안군,2019,413,31
경남,함안군,2020,698,50
경남,함안군,2021,648,46
경남,함안군,2022,564,40
경남,함안군,2023,517,37
경남,함안군,2024,493,34
경남,함양군,2015,154,12
경남,함양군,2016,277,22
경남,함양군,2017,237,18
경남,함양군,2018,101,8
경남,함양군,2019,450,35
경남,함양군,2020,158,12
경남,함양군,2021,171,13
경남,함양군,2022,121,9
경남,함양군,2023,237,18
경남,함양군,2024,190,16
경남,합천군,2015,148,10
경남,합천군,2016,83,6
경남,합천군,2017,118,9
경남,합천군,2018,101,7
경남,합천군,2019,120,9
경남,합천군,2020,117,8
경남,합천군,2021,116,8
경남,합천군,2022,94,7
경남,합천군,2023,75,3
경남,합천군,2024,66,4
경북,(구)군위군,2015,3,0
경북,(구)군위군,2016,38,3
경북,(구)군위군,2017,33,2
경북,(구)군위군,2018,58,5
경북,(구)군위군,2019,33,3
경북,(구)군위군,2020,40,3
경북,(구)군위군,2021,19,1
경북,(구)군위군,2022,13,1
경북,(구)군위군,2023,7,0
경북,경산시,2015,11471,871
경북,경산시,2016,8401,620
경북,경산시,2017,7941,587
경북,경산시,2018,8678,662
경북,경산시,2019,7304,556
경북,경산시,2020,9936,747
경북,경산시,2021,10417,814
경북,경산시,2022,3469,242
경북,경산시,2023,3527,254
경북,경산시,2024,3712,257
경북,경주시,2015,6403,476
경북,경주시,2016,3790,286
경북,경주시,2017,4489,322
경북,경주시,2018,5009,355
경북,경주시,2019,3271,252
경북,경주시,2020,6591,508
경북,경주시,2021,6069,465
경북,경주시,2022,5070,388
경북,경주시,2023,3084,230
경북,경주시,2024,3196,236
경북,고령군,2015,216,13
경북,고령군,2016,190,12
경북,고령군,2017,168,11
경북,고령군,2018,129,8
경북,고령군,2019,138,8
경북,고령군,2020,182,11
경북,고령군,2021,983,64
경북,고령군,2022,119,7
경북,고령군,2023,126,10
경북,고령군,2024,196,13
경북,구미시,2015,15941,1093
경북,구미시,2016,10813,800
경북,구미시,2017,15104,1138
경북,구미시,2018,9913,768
경북,구미시,2019,7362,546
경북,구미시,2020,13763,1029
경북,구미시,2021,14345,1063
경북,구미시,2022,10100,783
경북,구미시,2023,7460,565
경북,구미시,2024,8274,631
경북,김천시,2015,5064,400
경북,김천시,2016,4047,329
경북,김천시,2017,2221,170
경북,김천시,2018,2032,146
경북,김천시,2019,2335,169
경북,김천시,2020,2323,168
경북,김천시,2021,3469,245
경북,김천시,2022,2593,191
경북,김천시,2023,1868,133
경북,김천시,2024,2042,149
경북,문경시,2015,528,38
경북,문경시,2016,631,46
경북,문경시,2017,752,56
경북,문경시,2018,369,27
경북,문경시,2019,375,26
경북,문경시,2020,615,45
경북,문경시,2021,584,42
경북,문경시,2022,445,31
경북,문경시,2023,399,28
경북,문경시,2024,381,27
경북,봉화군,2015,134,9
경북,봉화군,2016,164,10
경북,봉화군,2017,122,7
경북,봉화군,2018,67,4
경북,봉화군,2019,138,9
경북,봉화군,2020,70,4
경북,봉화군,2021,89,5
경북,봉화군,2022,68,4
경북,봉화군,2023,63,0
경북,봉화군,2024,71,4
경북,상주시,2015,1456,98
경북,상주시,2016,1084,75
경북,상주시,2017,966,64
경북,상주시,2018,1510,107
경북,상주시,2019,807,60
경북,상주시,2020,1436,106
경북,상주시,2021,1091,77
경북,상주시,2022,668,45
경북,상주시,2023,568,38
경북,상주시,2024,547,35
경북,성주군,2015,155,12
경북,성주군,2016,99,7
경북,성주군,2017,398,30
경북,성주군,2018,181,13
경북,성주군,2019,159,12
경북,성주군,2020,120,9
경북,성주군,2021,396,32
경북,성주군,2022,83,6
경북,성주군,2023,145,9
경북,성주군,2024,128,10
경북,안동시,2015,3470,254
경북,안동시,2016,2295,158
경북,안동시,2017,2898,214
경북,안동시,2018,2156,152
경북,안동시,2019,1904,135
경북,안동시,2020,2426,171
경북,안동시,2021,3910,276
경북,안동시,2022,1484,100
경북,안동시,2023,1726,120
경북,안동시,2024,2759,217
경북,영덕군,2015,139,11
경북,영덕군,2016,497,39
경북,영덕군,2017,234,18
경북,영덕군,2018,140,10
경북,영덕군,2019,102,7
경북,영덕군,2020,116,9
경북,영덕군,2021,120,9
경북,영덕군,2022,82,6
경북,영덕군,2023,87,6
경북,영덕군,2024,102,7
경북,영양군,2015,12,1
경북,영양군,2016,28,2
경북,영양군,2017,12,1
경북,영양군,2018,3,0
경북,영양군,2019,23,2
경북,영양군,2020,27,2
경북,영양군,2021,11,1
경북,영양군,2022,10,1
경북,영양군,2023,22,1
경북,영양군,2024,13,0
경북,영주시,2015,909,63
경북,영주시,2016,1510,106
경북,영주시,2017,833,58
경북,영주시,2018,836,58
경북,영주시,2019,1728,134
경북,영주시,2020,1248,91
경북,영주시,2021,1188,85
경북,영주시,2022,962,68
경북,영주시,2023,1387,103
경북,영주시,2024,1869,148
경북,영천시,2015,2128,143
경북,영천시,2016,1341,91
경북,영천시,2017,2375,176
경북,영천시,2018,1901,141
경북,영천시,2019,1675,121
경북,영천시,2020,1802,127
경북,영천시,2021,1933,132
경북,영천시,2022,1180,75
경북,영천시,2023,950,60
경북,영천시,2024,1114,72
경북,예천군,2015,422,34
경북,예천군,2016,2122,177
경북,예천군,2017,4586,380
경북,예천군,2018,2032,166
경북,예천군,2019,1217,97
경북,예천군,2020,976,79
경북,예천군,2021,1181,95
경북,예천군,2022,389,29
경북,예천군,2023,488,39
경북,예천군,2024,530,42
경북,울릉군,2015,3,0
경북,울릉군,2016,12,1
경북,울릉군,2017,1,0
경북,울릉군,2018,4,0
경북,울릉군,2019,5,0
경북,울릉군,2020,12,1
경북,울릉군,2021,1,0
경북,울릉군,2022,4,0
경북,울릉군,2023,3,0
경북,울릉군,2024,7,0
경북,울진군,2015,315,24
경북,울진군,2016,289,22
경북,울진군,2017,340,25
경북,울진군,2018,303,21
경북,울진군,2019,270,19
경북,울진군,2020,300,24
경북,울진군,2021,235,17
경북,울진군,2022,555,43
경북,울진군,2023,259,20
경북,울진군,2024,481,36
경북,의성군,2015,333,23
경북,의성군,2016,174,12
경북,의성군,2017,145,10
경북,의성군,2018,143,10
경북,의성군,2019,139,9
경북,의성군,2020,137,9
경북,의성군,2021,111,7
경북,의성군,2022,92,6
경북,의성군,2023,86,4
경북,의성군,2024,74,3
경북,청도군,2015,154,10
경북,청도군,2016,151,10
경북,청도군,2017,169,12
경북,청도군,2018,261,19
경북,청도군,2019,188,14
경북,청도군,2020,164,11
경북,청도군,2021,231,16
경북,청도군,2022,141,10
경북,청도군,2023,135,10
경북,청도군,2024,130,10
경북,청송군,2015,27,2
경북,청송군,2016,59,4
경북,청송군,2017,86,7
경북,청송군,2018,83,6
경북,청송군,2019,54,4
경북,청송군,2020,69,5
경북,청송군,2021,65,5
경북,청송군,2022,45,3
경북,청송군,2023,41,0
경북,청송군,2024,30,1
경북,칠곡군,2015,5829,360
경북,칠곡군,2016,2101,140
경북,칠곡군,2017,2570,177
경북,칠곡군,2018,1877,127
경북,칠곡군,2019,1734,121
경북,칠곡군,2020,1943,131
경북,칠곡군,2021,2237,144
경북,칠곡군,2022,1379,89
경북,칠곡군,2023,1219,81
경북,칠곡군,2024,1437,98
경북,포항시,2015,29300,2171
경북,포항시,2016,19770,1474
경북,포항시,2017,22294,1646
경북,포항시,2018,20972,1545
경북,포항시,2019,20022,1565
경북,포항시,2020,29812,2299
경북,포항시,2021,45982,3518
경북,포항시,2022,30020,2402
경북,포항시,2023,21390,1643
경북,포항시,2024,25554,2028
광주,광산구,2015,13153,899
광주,광산구,2016,10157,711
광주,광산구,2017,14067,1043
광주,광산구,2018,12142,900
광주,광산구,2019,10772,811
광주,광산구,2020,12129,926
광주,광산구,2021,9456,688
광주,광산구,2022,6149,423
광주,광산구,2023,6738,507
광주,광산구,2024,7307,556
광주,남구,2015,7894,633
광주,남구,2016,5484,435
광주,남구,2017,7938,649
광주,남구,2018,7183,576
광주,남구,2019,6513,501
광주,남구,2020,7057,569
광주,남구,2021,4785,393
광주,남구,2022,4696,368
광주,남구,2023,3278,265
광주,남구,2024,3458,283
광주,동구,2015,2560,197
광주,동구,2016,3017,230
광주,동구,2017,5412,427
광주,동구,2018,7169,566
광주,동구,2019,3989,316
광주,동구,2020,5544,430
광주,동구,2021,3350,255
광주,동구,2022,1659,112
광주,동구,2023,2569,193
광주,동구,2024,1565,123
광주,북구,2015,14662,1094
광주,북구,2016,9168,655
광주,북구,2017,13210,972
광주,북구,2018,16358,1245
광주,북구,2019,10083,746
광주,북구,2020,21665,1999
광주,북구,2021,12965,931
광주,북구,2022,8532,622
광주,북구,2023,7807,611
광주,북구,2024,8548,661
광주,서구,2015,8643,643
광주,서구,2016,8311,640
광주,서구,2017,8039,619
광주,서구,2018,7940,610
광주,서구,2019,7178,556
광주,서구,2020,9220,725
광주,서구,2021,6811,534
광주,서구,2022,3105,221
광주,서구,2023,5697,485
광주,서구,2024,4723,399
대구,군위군,2023,4,0
대구,군위군,2024,8,1
대구,남구,2015,1450,124
대구,남구,2016,865,73
대구,남구,2017,2644,214
대구,남구,2018,2664,210
대구,남구,2019,2971,229
대구,남구,2020,4161,335
대구,남구,2021,3563,282
대구,남구,2022,876,68
대구,남구,2023,1913,154
대구,남구,2024,4123,318
대구,달서구,2015,13286,1045
대구,달서구,2016,8743,681
대구,달서구,2017,11781,944
대구,달서구,2018,14105,1121
대구,달서구,2019,15866,1292
대구,달서구,2020,21206,1691
대구,달서구,2021,9445,689
대구,달서구,2022,5025,385
대구,달서구,2023,6963,545
대구,달서구,2024,8382,675
대구,달성군,2015,14030,1038
대구,달성군,2016,18662,1419
대구,달성군,2017,16703,1220
대구,달성군,2018,10357,759
대구,달성군,2019,9847,752
대구,달성군,2020,12269,931
대구,달성군,2021,6727,484
대구,달성군,2022,2902,205
대구,달성군,2023,4996,376
대구,달성군,2024,3732,275
대구,동구,2015,10921,786
대구,동구,2016,7274,534
대구,동구,2017,7109,535
대구,동구,2018,10460,788
대구,동구,2019,10106,776
대구,동구,2020,14619,1130
대구,동구,2021,8419,629
대구,동구,2022,4338,315
대구,동구,2023,6433,501
대구,동구,2024,6152,467
대구,북구,2015,13711,990
대구,북구,2016,8565,643
대구,북구,2017,12745,911
대구,북구,2018,12162,931
대구,북구,2019,12406,948
대구,북구,2020,16591,1242
대구,북구,2021,8625,607
대구,북구,2022,4095,295
대구,북구,2023,5147,374
대구,북구,2024,6189,471
대구,서구,2015,1656,131
대구,서구,2016,822,60
대구,서구,2017,1206,91
대구,서구,2018,1711,121
대구,서구,2019,2411,175
대구,서구,2020,6773,500
대구,서구,2021,7055,545
대구,서구,2022,1071,79
대구,서구,2023,2461,179
대구,서구,2024,1468,106
대구,수성구,2015,10391,913
대구,수성구,2016,7842,682
대구,수성구,2017,11156,983
대구,수성구,2018,9641,827
대구,수성구,2019,10504,847
대구,수성구,2020,12954,1086
대구,수성구,2021,9424,719
대구,수성구,2022,2632,215
대구,수성구,2023,6023,510
대구,수성구,2024,6078,518
대구,중구,2015,3223,264
대구,중구,2016,2414,178
대구,중구,2017,2066,163
대구,중구,2018,3400,258
대구,중구,2019,3699,275
대구,중구,2020,11425,918
대구,중구,2021,4427,344
대구,중구,2022,2202,151
대구,중구,2023,2668,204
대구,중구,2024,2697,210
대전,대덕구,2015,3386,237
대전,대덕구,2016,2664,183
대전,대덕구,2017,2832,187
대전,대덕구,2018,4256,303
대전,대덕구,2019,5229,383
대전,대덕구,2020,4975,354
대전,대덕구,2021,3666,252
대전,대덕구,2022,2251,171
대전,대덕구,2023,1977,137
대전,대덕구,2024,2012,142
대전,동구,2015,4261,307
대전,동구,2016,3895,279
대전,동구,2017,3848,264
대전,동구,2018,8263,570
대전,동구,2019,7392,528
대전,동구,2020,5969,412
대전,동구,2021,5759,411
대전,동구,2022,3312,215
대전,동구,2023,2656,188
대전,동구,2024,4197,289
대전,서구,2015,10205,757
대전,서구,2016,12306,921
대전,서구,2017,12554,900
대전,서구,2018,14979,1166
대전,서구,2019,13870,1050
대전,서구,2020,12157,874
대전,서구,2021,6948,474
대전,서구,2022,6381,454
대전,서구,2023,11120,848
대전,서구,2024,8666,624
대전,유성구,2015,9841,760
대전,유성구,2016,9628,787
대전,유성구,2017,12447,978
대전,유성구,2018,9224,731
대전,유성구,2019,13801,1174
대전,유성구,2020,15840,1262
대전,유성구,2021,6783,489
대전,유성구,2022,3554,264
대전,유성구,2023,7671,623
대전,유성구,2024,9627,822
대전,중구,2015,4046,304
대전,중구,2016,3711,283
대전,중구,2017,3943,290
대전,중구,2018,3839,303
대전,중구,2019,5846,447
대전,중구,2020,5167,360
대전,중구,2021,4543,335
대전,중구,2022,4865,349
대전,중구,2023,4444,337
대전,중구,2024,5197,383
부산,강서구,2015,9797,733
부산,강서구,2016,9846,750
부산,강서구,2017,9294,717
부산,강서구,2018,2248,206
부산,강서구,2019,2437,218
부산,강서구,2020,4477,371
부산,강서구,2021,2372,206
부산,강서구,2022,3687,289
부산,강서구,2023,7861,648
부산,강서구,2024,3503,279
부산,금정구,2015,5931,453
부산,금정구,2016,4802,381
부산,금정구,2017,5475,414
부산,금정구,2018,3973,292
부산,금정구,2019,2757,209
부산,금정구,2020,5999,480
부산,금정구,2021,2977,218
부산,금정구,2022,1500,105
부산,금정구,2023,1870,142
부산,금정구,2024,2170,164
부산,기장군,2015,6886,532
부산,기장군,2016,4758,354
부산,기장군,2017,7156,557
부산,기장군,2018,5996,453
부산,기장군,2019,3859,317
부산,기장군,2020,6894,539
부산,기장군,2021,6049,433
부산,기장군,2022,2003,137
부산,기장군,2023,1681,129
부산,기장군,2024,3555,294
부산,남구,2015,9408,768
부산,남구,2016,8027,644
부산,남구,2017,5582,438
부산,남구,2018,9335,806
부산,남구,2019,7989,588
부산,남구,2020,13890,1055
부산,남구,2021,4137,304
부산,남구,2022,4040,274
부산,남구,2023,9640,722
부산,남구,2024,8549,644
부산,동구,2015,1417,104
부산,동구,2016,2427,175
부산,동구,2017,2298,154
부산,동구,2018,2113,139
부산,동구,2019,5356,381
부산,동구,2020,3203,217
부산,동구,2021,1227,67
부산,동구,2022,608,36
부산,동구,2023,859,51
부산,동구,2024,1614,146
부산,동래구,2015,9609,766
부산,동래구,2016,9636,767
부산,동래구,2017,7355,565
부산,동래구,2018,9549,718
부산,동래구,2019,12513,991
부산,동래구,2020,9701,753
부산,동래구,2021,6353,480
부산,동래구,2022,4721,333
부산,동래구,2023,3396,263
부산,동래구,2024,4997,409
부산,부산진구,2015,11520,826
부산,부산진구,2016,10177,686
부산,부산진구,2017,13892,936
부산,부산진구,2018,7168,499
부산,부산진구,2019,12869,929
부산,부산진구,2020,20677,1465
부산,부산진구,2021,10188,701
부산,부산진구,2022,5845,382
부산,부산진구,2023,5190,342
부산,부산진구,2024,6199,428
부산,북구,2015,12623,961
부산,북구,2016,9924,741
부산,북구,2017,5336,362
부산,북구,2018,6669,482
부산,북구,2019,6852,494
부산,북구,2020,9359,691
부산,북구,2021,7197,509
부산,북구,2022,2210,148
부산,북구,2023,2958,216
부산,북구,2024,2899,211
부산,사상구,2015,4233,298
부산,사상구,2016,4463,302
부산,사상구,2017,4369,299
부산,사상구,2018,3151,190
부산,사상구,2019,3475,249
부산,사상구,2020,6806,479
부산,사상구,2021,3564,238
부산,사상구,2022,1805,123
부산,사상구,2023,2016,142
부산,사상구,2024,3426,231
부산,사하구,2015,8773,637
부산,사하구,2016,9451,704
부산,사하구,2017,8533,598
부산,사하구,2018,5061,353
부산,사하구,2019,6572,474
부산,사하구,2020,8785,653
부산,사하구,2021,7835,541
부산,사하구,2022,3235,224
부산,사하구,2023,2914,216
부산,사하구,2024,3184,233
부산,서구,2015,2975,229
부산,서구,2016,1803,133
부산,서구,2017,3424,267
부산,서구,2018,4772,396
부산,서구,2019,2533,192
부산,서구,2020,2810,226
부산,서구,2021,1410,107
부산,서구,2022,1015,75
부산,서구,2023,926,74
부산,서구,2024,984,76
부산,수영구,2015,5870,470
부산,수영구,2016,5471,424
부산,수영구,2017,7131,575
부산,수영구,2018,2141,164
부산,수영구,2019,5601,435
부산,수영구,2020,6996,548
부산,수영구,2021,2558,171
부산,수영구,2022,1058,72
부산,수영구,2023,1663,119
부산,수영구,2024,3113,237
부산,연제구,2015,9296,764
부산,연제구,2016,7367,563
부산,연제구,2017,6165,438
부산,연제구,2018,7885,579
부산,연제구,2019,5600,440
부산,연제구,2020,10876,849
부산,연제구,2021,6068,442
부산,연제구,2022,1764,124
부산,연제구,2023,3172,227
부산,연제구,2024,2648,199
부산,영도구,2015,2088,142
부산,영도구,2016,1893,124
부산,영도구,2017,2129,139
부산,영도구,2018,3370,246
부산,영도구,2019,2090,154
부산,영도구,2020,4068,285
부산,영도구,2021,2664,178
부산,영도구,2022,2070,154
부산,영도구,2023,1097,78
부산,영도구,2024,734,50
부산,중구,2015,401,25
부산,중구,2016,466,28
부산,중구,2017,467,27
부산,중구,2018,375,21
부산,중구,2019,276,17
부산,중구,2020,513,30
부산,중구,2021,688,39
부산,중구,2022,262,35
부산,중구,2023,163,11
부산,중구,2024,158,10
부산,해운대구,2015,15674,1381
부산,해운대구,2016,11534,977
부산,해운대구,2017,9187,756
부산,해운대구,2018,7057,573
부산,해운대구,2019,9207,768
부산,해운대구,2020,17520,1527
부산,해운대구,2021,5952,433
부산,해운대구,2022,2772,198
부산,해운대구,2023,4561,356
부산,해운대구,2024,4321,346
서울,강남구,2015,9765,936
서울,강남구,2016,9531,846
서울,강남구,2017,9157,796
서울,강남구,2018,11545,928
서울,강남구,2019,7652,665
서울,강남구,2020,13525,1023
서울,강남구,2021,11533,892
서울,강남구,2022,4335,285
서울,강남구,2023,3677,296
서울,강남구,2024,6700,548
서울,강동구,2015,8052,609
서울,강동구,2016,9004,705
서울,강동구,2017,15422,1184
서울,강동구,2018,8831,646
서울,강동구,2019,8066,513
서울,강동구,2020,11800,767
서울,강동구,2021,6314,446
서울,강동구,2022,2729,161
서울,강동구,2023,18549,1257
서울,강동구,2024,6685,475
서울,강북구,2015,2952,214
서울,강북구,2016,2225,166
서울,강북구,2017,3060,224
서울,강북구,2018,2381,179
서울,강북구,2019,1493,106
서울,강북구,2020,2836,207
서울,강북구,2021,1392,88
서울,강북구,2022,1895,122
서울,강북구,2023,1403,83
서울,강북구,2024,1189,81
서울,강서구,2015,9902,728
서울,강서구,2016,9766,723
서울,강서구,2017,8270,590
서울,강서구,2018,6676,484
서울,강서구,2019,4524,307
서울,강서구,2020,9083,611
서울,강서구,2021,4365,281
서울,강서구,2022,1729,91
서울,강서구,2023,2561,170
서울,강서구,2024,3236,223
서울,관악구,2015,4621,344
서울,관악구,2016,3702,269
서울,관악구,2017,4355,317
서울,관악구,2018,3729,273
서울,관악구,2019,3342,245
서울,관악구,2020,4934,330
서울,관악구,2021,2284,147
서울,관악구,2022,1583,103
서울,관악구,2023,2254,141
서울,관악구,2024,1782,123
서울,광진구,2015,2535,205
서울,광진구,2016,2630,216
서울,광진구,2017,3049,242
서울,광진구,2018,2560,199
서울,광진구,2019,2957,246
서울,광진구,2020,2886,215
서울,광진구,2021,1266,79
서울,광진구,2022,805,42
서울,광진구,2023,1850,144
서울,광진구,2024,1971,156
서울,구로구,2015,6928,504
서울,구로구,2016,6884,514
서울,구로구,2017,6351,478
서울,구로구,2018,7483,529
서울,구로구,2019,5164,329
서울,구로구,2020,6271,434
서울,구로구,2021,3521,210
서울,구로구,2022,1567,91
서울,구로구,2023,2077,140
서울,구로구,2024,2913,193
서울,금천구,2015,3348,226
서울,금천구,2016,2999,223
서울,금천구,2017,3810,266
서울,금천구,2018,4327,341
서울,금천구,2019,2158,149
서울,금천구,2020,3143,217
서울,금천구,2021,2369,160
서울,금천구,2022,731,33
서울,금천구,2023,661,45
서울,금천구,2024,1149,77
서울,노원구,2015,13017,836
서울,노원구,2016,13346,866
서울,노원구,2017,12576,823
서울,노원구,2018,11480,756
서울,노원구,2019,8917,572
서울,노원구,2020,13162,813
서울,노원구,2021,5682,332
서울,노원구,2022,1493,85
서울,노원구,2023,3011,183
서울,노원구,2024,4781,299
서울,도봉구,2015,5569,387
서울,도봉구,2016,5133,356
서울,도봉구,2017,4519,314
서울,도봉구,2018,4806,331
서울,도봉구,2019,2988,205
서울,도봉구,2020,5515,376
서울,도봉구,2021,2736,171
서울,도봉구,2022,675,42
서울,도봉구,2023,1390,89
서울,도봉구,2024,1962,138
서울,동대문구,2015,6405,441
서울,동대문구,2016,7011,478
서울,동대문구,2017,5782,422
서울,동대문구,2018,6096,424
서울,동대문구,2019,9157,625
서울,동대문구,2020,6329,398
서울,동대문구,2021,3213,196
서울,동대문구,2022,3304,207
서울,동대문구,2023,10141,608
서울,동대문구,2024,4956,295
서울,동작구,2015,5824,458
서울,동작구,2016,6060,475
서울,동작구,2017,6014,483
서울,동작구,2018,6449,483
서울,동작구,2019,4383,339
서울,동작구,2020,6694,487
서울,동작구,2021,2602,192
서울,동작구,2022,2751,175
서울,동작구,2023,2333,159
서울,동작구,2024,4845,325
서울,마포구,2015,7601,623
서울,마포구,2016,6248,506
서울,마포구,2017,5804,457
서울,마포구,2018,7208,524
서울,마포구,2019,4223,310
서울,마포구,2020,7014,468
서울,마포구,2021,2629,174
서울,마포구,2022,1509,95
서울,마포구,2023,2207,145
서울,마포구,2024,4680,339
서울,서대문구,2015,6076,480
서울,서대문구,2016,5651,454
서울,서대문구,2017,6557,496
서울,서대문구,2018,6097,451
서울,서대문구,2019,6214,448
서울,서대문구,2020,7798,506
서울,서대문구,2021,2254,158
서울,서대문구,2022,898,58
서울,서대문구,2023,2322,155
서울,서대문구,2024,3882,263
서울,서초구,2015,7744,741
서울,서초구,2016,7869,761
서울,서초구,2017,8191,766
서울,서초구,2018,8862,762
서울,서초구,2019,7944,669
서울,서초구,2020,7461,582
서울,서초구,2021,7533,780
서울,서초구,2022,2600,191
서울,서초구,2023,3976,340
서울,서초구,2024,8302,665
서울,성동구,2015,8479,657
서울,성동구,2016,6814,540
서울,성동구,2017,7036,590
서울,성동구,2018,4740,362
서울,성동구,2019,3883,290
서울,성동구,2020,4906,376
서울,성동구,2021,2632,189
서울,성동구,2022,1724,102
서울,성동구,2023,3049,203
서울,성동구,2024,4628,331
서울,성북구,2015,7585,597
서울,성북구,2016,6471,517
서울,성북구,2017,7874,570
서울,성북구,2018,9181,678
서울,성북구,2019,10024,726
서울,성북구,2020,6826,483
서울,성북구,2021,4317,267
서울,성북구,2022,1887,102
서울,성북구,2023,5598,379
서울,성북구,2024,5784,402
서울,송파구,2015,9783,811
서울,송파구,2016,12757,1048
서울,송파구,2017,12076,1007
서울,송파구,2018,9457,741
서울,송파구,2019,11350,896
서울,송파구,2020,10934,854
서울,송파구,2021,8021,527
서울,송파구,2022,1845,119
서울,송파구,2023,3555,266
서울,송파구,2024,5658,432
서울,양천구,2015,7216,579
서울,양천구,2016,7545,620
서울,양천구,2017,5510,433
서울,양천구,2018,6393,500
서울,양천구,2019,5348,422
서울,양천구,2020,7075,481
서울,양천구,2021,2805,201
서울,양천구,2022,824,57
서울,양천구,2023,1930,146
서울,양천구,2024,2814,217
서울,영등포구,2015,6709,511
서울,영등포구,2016,6499,516
서울,영등포구,2017,8860,680
서울,영등포구,2018,10770,750
서울,영등포구,2019,4863,337
서울,영등포구,2020,7876,503
서울,영등포구,2021,3835,246
서울,영등포구,2022,1595,83
서울,영등포구,2023,3385,228
서울,영등포구,2024,4303,307
서울,용산구,2015,2810,256
서울,용산구,2016,3960,428
서울,용산구,2017,5022,462
서울,용산구,2018,4557,366
서울,용산구,2019,2119,190
서울,용산구,2020,4103,301
서울,용산구,2021,1744,208
서울,용산구,2022,780,57
서울,용산구,2023,866,77
서울,용산구,2024,1295,125
서울,은평구,2015,4824,370
서울,은평구,2016,5087,396
서울,은평구,2017,6279,472
서울,은평구,2018,8782,651
서울,은평구,2019,6531,439
서울,은평구,2020,9233,588
서울,은평구,2021,5731,383
서울,은평구,2022,1120,65
서울,은평구,2023,3665,235
서울,은평구,2024,4518,312
서울,종로구,2015,1447,117
서울,종로구,2016,1336,98
서울,종로구,2017,2562,183
서울,종로구,2018,1240,90
서울,종로구,2019,966,77
서울,종로구,2020,1181,92
서울,종로구,2021,838,51
서울,종로구,2022,345,21
서울,종로구,2023,394,28
서울,종로구,2024,580,45
서울,중구,2015,2483,204
서울,중구,2016,2493,197
서울,중구,2017,2257,174
서울,중구,2018,2107,148
서울,중구,2019,1400,92
서울,중구,2020,2134,140
서울,중구,2021,1654,86
서울,중구,2022,1096,53
서울,중구,2023,714,49
서울,중구,2024,955,69
서울,중랑구,2015,4662,336
서울,중랑구,2016,4031,311
서울,중랑구,2017,4820,344
서울,중랑구,2018,5329,382
서울,중랑구,2019,3944,265
서울,중랑구,2020,4128,272
서울,중랑구,2021,2378,147
서울,중랑구,2022,1387,81
서울,중랑구,2023,2354,125
서울,중랑구,2024,1734,118
세종,세종,2015,34177,2655
세종,세종,2016,19433,1486
세종,세종,2017,27123,2167
세종,세종,2018,28283,2333
세종,세종,2019,20632,1635
세종,세종,2020,25214,1856
세종,세종,2021,12795,884
세종,세종,2022,6730,444
세종,세종,2023,6121,447
세종,세종,2024,6474,474
울산,남구,2015,11755,885
울산,남구,2016,8658,677
울산,남구,2017,7344,552
울산,남구,2018,6145,484
울산,남구,2019,7530,605
울산,남구,2020,13313,1029
울산,남구,2021,5986,437
울산,남구,2022,3534,249
울산,남구,2023,5311,420
울산,남구,2024,8518,663
울산,동구,2015,3109,214
울산,동구,2016,4157,305
울산,동구,2017,2434,171
울산,동구,2018,1606,115
울산,동구,2019,1596,111
울산,동구,2020,7049,539
울산,동구,2021,3118,217
울산,동구,2022,1783,125
울산,동구,2023,2603,190
울산,동구,2024,1613,117
울산,북구,2015,8558,672
울산,북구,2016,6799,526
울산,북구,2017,8137,631
울산,북구,2018,7494,583
울산,북구,2019,10795,863
울산,북구,2020,5952,472
울산,북구,2021,6265,470
울산,북구,2022,2876,208
울산,북구,2023,3220,249
울산,북구,2024,3681,287
울산,울주군,2015,9507,665
울산,울주군,2016,4690,333
울산,울주군,2017,5299,399
울산,울주군,2018,5543,392
울산,울주군,2019,5683,418
울산,울주군,2020,4187,317
울산,울주군,2021,5024,355
울산,울주군,2022,2948,212
울산,울주군,2023,3091,225
울산,울주군,2024,4910,361
울산,중구,2015,8438,666
울산,중구,2016,3502,259
울산,중구,2017,3742,275
울산,중구,2018,2793,218
울산,중구,2019,3861,306
울산,중구,2020,7272,573
울산,중구,2021,3927,281
울산,중구,2022,2909,215
울산,중구,2023,2750,211
울산,중구,2024,3936,316
인천,강화군,2015,236,19
인천,강화군,2016,244,15
인천,강화군,2017,161,12
인천,강화군,2018,153,11
인천,강화군,2019,122,9
인천,강화군,2020,178,14
인천,강화군,2021,197,14
인천,강화군,2022,1074,72
인천,강화군,2023,1232,86
인천,강화군,2024,210,15
인천,계양구,2015,7756,507
인천,계양구,2016,6430,414
인천,계양구,2017,6636,432
인천,계양구,2018,6585,434
인천,계양구,2019,6660,429
인천,계양구,2020,7177,450
인천,계양구,2021,9008,553
인천,계양구,2022,2234,133
인천,계양구,2023,4577,319
인천,계양구,2024,6628,450
인천,남구,2015,7057,487
인천,남구,2016,11761,877
인천,남구,2017,8400,610
인천,남구,2018,3501,235
인천,남동구,2015,14679,1090
인천,남동구,2016,10424,713
인천,남동구,2017,12980,973
인천,남동구,2018,8534,632
인천,남동구,2019,7413,558
인천,남동구,2020,12652,920
인천,남동구,2021,10082,681
인천,남동구,2022,3839,247
인천,남동구,2023,5046,362
인천,남동구,2024,5729,410
인천,동구,2015,1529,96
인천,동구,2016,1286,79
인천,동구,2017,964,60
인천,동구,2018,3502,217
인천,동구,2019,850,52
인천,동구,2020,2720,175
인천,동구,2021,1599,96
인천,동구,2022,1427,89
인천,동구,2023,1118,67
인천,동구,2024,990,61
인천,미추홀구,2018,4807,345
인천,미추홀구,2019,8425,594
인천,미추홀구,2020,14109,980
인천,미추홀구,2021,15134,1065
인천,미추홀구,2022,7637,494
인천,미추홀구,2023,6936,465
인천,미추홀구,2024,9113,656
인천,부평구,2015,11687,807
인천,부평구,2016,8884,608
인천,부평구,2017,7735,527
인천,부평구,2018,14395,961
인천,부평구,2019,11050,751
인천,부평구,2020,17279,1176
인천,부평구,2021,17498,1113
인천,부평구,2022,5031,300
인천,부평구,2023,6763,443
인천,부평구,2024,6610,433
인천,서구,2015,10278,840
인천,서구,2016,10541,847
인천,서구,2017,14806,1175
인천,서구,2018,17127,1365
인천,서구,2019,31186,2523
인천,서구,2020,39310,3074
인천,서구,2021,15424,1144
인천,서구,2022,16727,1292
인천,서구,2023,17663,1373
인천,서구,2024,13475,1029
인천,연수구,2015,15109,1299
인천,연수구,2016,13714,1098
인천,연수구,2017,20426,1627
인천,연수구,2018,16102,1281
인천,연수구,2019,18411,1562
인천,연수구,2020,19529,1684
인천,연수구,2021,13368,1072
인천,연수구,2022,8612,695
인천,연수구,2023,6816,548
인천,연수구,2024,12019,1010
인천,옹진군,2021,1,0
인천,옹진군,2022,0,0
인천,옹진군,2023,0,0
인천,옹진군,2024,0,0
인천,중구,2015,2604,212
인천,중구,2016,2638,191
인천,중구,2017,5970,473
인천,중구,2018,4015,334
인천,중구,2019,5262,403
인천,중구,2020,8272,638
인천,중구,2021,7158,552
인천,중구,2022,3759,289
인천,중구,2023,3729,298
인천,중구,2024,4575,354
전남,강진군,2015,119,8
전남,강진군,2016,104,7
전남,강진군,2017,144,11
전남,강진군,2018,369,30
전남,강진군,2019,200,15
전남,강진군,2020,209,16
전남,강진군,2021,141,11
전남,강진군,2022,100,7
전남,강진군,2023,292,15
전남,강진군,2024,85,7
전남,고흥군,2015,279,19
전남,고흥군,2016,222,15
전남,고흥군,2017,277,20
전남,고흥군,2018,367,24
전남,고흥군,2019,279,19
전남,고흥군,2020,566,42
전남,고흥군,2021,421,31
전남,고흥군,2022,680,54
전남,고흥군,2023,258,17
전남,고흥군,2024,316,23
전남,곡성군,2015,39,2
전남,곡성군,2016,47,3
전남,곡성군,2017,62,4
전남,곡성군,2018,101,7
전남,곡성군,2019,177,7
전남,곡성군,2020,140,8
전남,곡성군,2021,77,4
전남,곡성군,2022,46,3
전남,곡성군,2023,50,0
전남,곡성군,2024,40,2
전남,광양시,2015,2934,192
전남,광양시,2016,3357,225
전남,광양시,2017,6575,486
전남,광양시,2018,5131,359
전남,광양시,2019,6002,411
전남,광양시,2020,7634,547
전남,광양시,2021,6125,442
전남,광양시,2022,3341,227
전남,광양시,2023,3975,278
전남,광양시,2024,3748,272
전남,구례군,2015,138,10
전남,구례군,2016,84,6
전남,구례군,2017,63,4
전남,구례군,2018,97,7
전남,구례군,2019,101,8
전남,구례군,2020,105,8
전남,구례군,2021,182,16
전남,구례군,2022,337,27
전남,구례군,2023,75,7
전남,구례군,2024,187,15
전남,나주시,2015,6895,545
전남,나주시,2016,5428,412
전남,나주시,2017,3513,265
전남,나주시,2018,3956,308
전남,나주시,2019,1778,132
전남,나주시,2020,2418,184
전남,나주시,2021,4676,367
전남,나주시,2022,4830,410
전남,나주시,2023,1242,92
전남,나주시,2024,1395,104
전남,담양군,2015,264,19
전남,담양군,2016,53,4
전남,담양군,2017,74,7
전남,담양군,2018,475,39
전남,담양군,2019,373,31
전남,담양군,2020,300,24
전남,담양군,2021,153,13
전남,담양군,2022,51,4
전남,담양군,2023,236,21
전남,담양군,2024,192,13
전남,목포시,2015,6856,526
전남,목포시,2016,5494,418
전남,목포시,2017,5902,430
전남,목포시,2018,6283,462
전남,목포시,2019,4002,300
전남,목포시,2020,6863,520
전남,목포시,2021,6271,489
전남,목포시,2022,3542,260
전남,목포시,2023,3755,283
전남,목포시,2024,3311,248
전남,무안군,2015,1066,84
전남,무안군,2016,1081,80
전남,무안군,2017,1156,93
전남,무안군,2018,4245,385
전남,무안군,2019,1187,103
전남,무안군,2020,3156,267
전남,무안군,2021,2301,188
전남,무안군,2022,4531,363
전남,무안군,2023,994,81
전남,무안군,2024,1885,153
전남,보성군,2015,149,11
전남,보성군,2016,232,17
전남,보성군,2017,313,24
전남,보성군,2018,186,13
전남,보성군,2019,142,10
전남,보성군,2020,171,12
전남,보성군,2021,243,17
전남,보성군,2022,102,7
전남,보성군,2023,120,8
전남,보성군,2024,106,18
전남,순천시,2015,9159,695
전남,순천시,2016,7462,529
전남,순천시,2017,6491,482
전남,순천시,2018,9437,730
전남,순천시,2019,9543,728
전남,순천시,2020,14363,1132
전남,순천시,2021,5979,415
전남,순천시,2022,6646,544
전남,순천시,2023,4910,362
전남,순천시,2024,6878,539
전남,신안군,2015,2,0
전남,신안군,2016,0,0
전남,신안군,2017,1,0
전남,신안군,2018,1,0
전남,신안군,2019,2,0
전남,신안군,2020,1,0
전남,신안군,2021,3,0
전남,신안군,2022,4,0
전남,신안군,2023,5,0
전남,신안군,2024,8,0
전남,여수시,2015,4460,330
전남,여수시,2016,5015,340
전남,여수시,2017,6306,460
전남,여수시,2018,5972,444
전남,여수시,2019,8963,669
전남,여수시,2020,9089,657
전남,여수시,2021,4512,311
전남,여수시,2022,2455,170
전남,여수시,2023,2449,179
전남,여수시,2024,5301,426
전남,영광군,2015,279,19
전남,영광군,2016,288,20
전남,영광군,2017,538,35
전남,영광군,2018,496,34
전남,영광군,2019,386,27
전남,영광군,2020,607,46
전남,영광군,2021,415,29
전남,영광군,2022,663,53
전남,영광군,2023,247,17
전남,영광군,2024,347,26
전남,영암군,2015,950,56
전남,영암군,2016,1334,82
전남,영암군,2017,1012,61
전남,영암군,2018,523,31
전남,영암군,2019,470,28
전남,영암군,2020,1238,69
전남,영암군,2021,668,40
전남,영암군,2022,383,23
전남,영암군,2023,628,37
전남,영암군,2024,530,32
전남,완도군,2015,203,16
전남,완도군,2016,449,31
전남,완도군,2017,125,9
전남,완도군,2018,208,15
전남,완도군,2019,124,9
전남,완도군,2020,141,10
전남,완도군,2021,339,29
전남,완도군,2022,82,6
전남,완도군,2023,113,9
전남,완도군,2024,146,11
전남,장성군,2015,163,12
전남,장성군,2016,98,7
전남,장성군,2017,109,7
전남,장성군,2018,135,8
전남,장성군,2019,178,13
전남,장성군,2020,200,13
전남,장성군,2021,204,12
전남,장성군,2022,133,9
전남,장성군,2023,3260,256
전남,장성군,2024,919,62
전남,장흥군,2015,133,10
전남,장흥군,2016,146,10
전남,장흥군,2017,203,15
전남,장흥군,2018,310,23
전남,장흥군,2019,296,21
전남,장흥군,2020,156,11
전남,장흥군,2021,172,12
전남,장흥군,2022,265,21
전남,장흥군,2023,144,11
전남,장흥군,2024,141,11
전남,진도군,2015,91,7
전남,진도군,2016,104,8
전남,진도군,2017,98,7
전남,진도군,2018,192,15
전남,진도군,2019,118,9
전남,진도군,2020,150,10
전남,진도군,2021,66,5
전남,진도군,2022,49,4
전남,진도군,2023,39,0
전남,진도군,2024,49,2
전남,함평군,2015,72,5
전남,함평군,2016,49,3
전남,함평군,2017,53,4
전남,함평군,2018,56,4
전남,함평군,2019,94,6
전남,함평군,2020,213,16
전남,함평군,2021,128,9
전남,함평군,2022,114,8
전남,함평군,2023,174,13
전남,함평군,2024,131,9
전남,해남군,2015,614,41
전남,해남군,2016,302,21
전남,해남군,2017,936,77
전남,해남군,2018,457,34
전남,해남군,2019,501,37
전남,해남군,2020,591,45
전남,해남군,2021,494,39
전남,해남군,2022,403,29
전남,해남군,2023,312,24
전남,해남군,2024,314,23
전남,화순군,2015,1333,89
전남,화순군,2016,809,54
전남,화순군,2017,449,31
전남,화순군,2018,1116,84
전남,화순군,2019,2091,174
전남,화순군,2020,855,61
전남,화순군,2021,960,73
전남,화순군,2022,1183,87
전남,화순군,2023,462,30
전남,화순군,2024,550,39
전북,고창군,2015,200,12
전북,고창군,2016,247,16
전북,고창군,2017,468,32
전북,고창군,2018,230,15
전북,고창군,2019,240,15
전북,고창군,2020,282,19
전북,고창군,2021,198,13
전북,고창군,2022,155,10
전북,고창군,2023,412,33
전북,고창군,2024,172,12
전북,군산시,2015,7444,539
전북,군산시,2016,4732,338
전북,군산시,2017,4586,340
전북,군산시,2018,8560,648
전북,군산시,2019,6615,512
전북,군산시,2020,7902,576
전북,군산시,2021,9716,739
전북,군산시,2022,7059,523
전북,군산시,2023,6497,507
전북,군산시,2024,6426,498
전북,김제시,2015,1251,80
전북,김제시,2016,1656,115
전북,김제시,2017,928,64
전북,김제시,2018,770,52
전북,김제시,2019,672,45
전북,김제시,2020,827,55
전북,김제시,2021,939,66
전북,김제시,2022,590,38
전북,김제시,2023,879,57
전북,김제시,2024,902,67
전북,남원시,2015,607,42
전북,남원시,2016,928,62
전북,남원시,2017,563,39
전북,남원시,2018,508,34
전북,남원시,2019,524,36
전북,남원시,2020,1125,85
전북,남원시,2021,702,49
전북,남원시,2022,1470,112
전북,남원시,2023,534,38
전북,남원시,2024,1026,76
전북,무주군,2015,120,9
전북,무주군,2016,122,8
전북,무주군,2017,72,5
전북,무주군,2018,62,4
전북,무주군,2019,70,5
전북,무주군,2020,137,10
전북,무주군,2021,141,11
전북,무주군,2022,109,9
전북,무주군,2023,114,8
전북,무주군,2024,80,6
전북,부안군,2015,802,56
전북,부안군,2016,235,14
전북,부안군,2017,466,36
전북,부안군,2018,988,78
전북,부안군,2019,402,26
전북,부안군,2020,772,56
전북,부안군,2021,437,30
전북,부안군,2022,359,24
전북,부안군,2023,213,13
전북,부안군,2024,264,18
전북,순창군,2015,40,3
전북,순창군,2016,42,3
전북,순창군,2017,198,15
전북,순창군,2018,206,17
전북,순창군,2019,134,10
전북,순창군,2020,100,7
전북,순창군,2021,384,33
전북,순창군,2022,123,10
전북,순창군,2023,154,13
전북,순창군,2024,86,7
전북,완주군,2015,790,52
전북,완주군,2016,1173,82
전북,완주군,2017,2060,145
전북,완주군,2018,1549,107
전북,완주군,2019,1873,133
전북,완주군,2020,4406,321
전북,완주군,2021,4363,320
전북,완주군,2022,1776,121
전북,완주군,2023,2192,157
전북,완주군,2024,2003,137
전북,익산시,2015,5960,408
전북,익산시,2016,5757,384
전북,익산시,2017,5943,402
전북,익산시,2018,6742,479
전북,익산시,2019,4407,286
전북,익산시,2020,6400,451
전북,익산시,2021,8419,571
전북,익산시,2022,10672,816
전북,익산시,2023,4670,328
전북,익산시,2024,5172,379
전북,임실군,2015,86,5
전북,임실군,2016,125,10
전북,임실군,2017,248,17
전북,임실군,2018,194,14
전북,임실군,2019,72,5
전북,임실군,2020,92,6
전북,임실군,2021,108,7
전북,임실군,2022,111,7
전북,임실군,2023,85,6
전북,임실군,2024,129,10
전북,장수군,2015,34,2
전북,장수군,2016,19,1
전북,장수군,2017,13,1
전북,장수군,2018,61,5
전북,장수군,2019,41,3
전북,장수군,2020,37,3
전북,장수군,2021,23,2
전북,장수군,2022,21,1
전북,장수군,2023,10,0
전북,장수군,2024,19,1
전북,전주시,2015,34550,2662
전북,전주시,2016,36854,2787
전북,전주시,2017,40236,3096
전북,전주시,2018,55480,4473
전북,전주시,2019,41266,3318
전북,전주시,2020,46240,3614
전북,전주시,2021,31602,2275
전북,전주시,2022,18344,1294
전북,전주시,2023,18302,1514
전북,전주시,2024,28162,2203
전북,정읍시,2015,1259,84
전북,정읍시,2016,1159,74
전북,정읍시,2017,2451,178
전북,정읍시,2018,1408,101
전북,정읍시,2019,1360,93
전북,정읍시,2020,2656,187
전북,정읍시,2021,1134,78
전북,정읍시,2022,873,57
전북,정읍시,2023,1640,125
전북,정읍시,2024,1056,73
전북,진안군,2015,53,3
전북,진안군,2016,54,4
전북,진안군,2017,36,2
전북,진안군,2018,58,4
전북,진안군,2019,31,2
전북,진안군,2020,43,3
전북,진안군,2021,49,3
전북,진안군,2022,44,3
전북,진안군,2023,51,2
전북,진안군,2024,44,2
제주,서귀포시,2015,3804,273
제주,서귀포시,2016,3762,270
제주,서귀포시,2017,2234,160
제주,서귀포시,2018,1934,112
제주,서귀포시,2019,1401,84
제주,서귀포시,2020,1601,108
제주,서귀포시,2021,1990,146
제주,서귀포시,2022,1161,82
제주,서귀포시,2023,921,66
제주,서귀포시,2024,938,66
제주,제주시,2015,4841,335
제주,제주시,2016,4393,297
제주,제주시,2017,4856,350
제주,제주시,2018,4633,300
제주,제주시,2019,3325,230
제주,제주시,2020,3529,256
제주,제주시,2021,4708,343
제주,제주시,2022,3253,240
제주,제주시,2023,2428,173
제주,제주시,2024,3767,300
충남,계룡시,2015,764,58
충남,계룡시,2016,1270,92
충남,계룡시,2017,911,72
충남,계룡시,2018,603,47
충남,계룡시,2019,745,59
충남,계룡시,2020,3063,218
충남,계룡시,2021,2690,190
충남,계룡시,2022,639,41
충남,계룡시,2023,1220,90
충남,계룡시,2024,1000,73
충남,공주시,2015,1082,71
충남,공주시,2016,948,65
충남,공주시,2017,2056,138
충남,공주시,2018,1791,124
충남,공주시,2019,892,61
충남,공주시,2020,2477,175
충남,공주시,2021,1299,81
충남,공주시,2022,1148,83
충남,공주시,2023,851,61
충남,공주시,2024,1280,94
충남,금산군,2015,1048,69
충남,금산군,2016,415,25
충남,금산군,2017,272,16
충남,금산군,2018,319,16
충남,금산군,2019,277,16
충남,금산군,2020,1108,76
충남,금산군,2021,1073,74
충남,금산군,2022,481,31
충남,금산군,2023,349,20
충남,금산군,2024,307,17
충남,논산시,2015,1726,115
충남,논산시,2016,1090,74
충남,논산시,2017,1425,95
충남,논산시,2018,1669,131
충남,논산시,2019,1565,117
충남,논산시,2020,1349,96
충남,논산시,2021,1176,76
충남,논산시,2022,1140,80
충남,논산시,2023,970,70
충남,논산시,2024,1242,93
충남,당진시,2015,4930,357
충남,당진시,2016,4267,318
충남,당진시,2017,2403,179
충남,당진시,2018,4247,312
충남,당진시,2019,2206,161
충남,당진시,2020,7022,557
충남,당진시,2021,9204,710
충남,당진시,2022,4541,348
충남,당진시,2023,2802,215
충남,당진시,2024,3096,234
충남,보령시,2015,1445,102
충남,보령시,2016,762,51
충남,보령시,2017,2622,203
충남,보령시,2018,1073,78
충남,보령시,2019,1203,86
충남,보령시,2020,1503,108
충남,보령시,2021,1129,76
충남,보령시,2022,780,52
충남,보령시,2023,773,54
충남,보령시,2024,1340,105
충남,부여군,2015,158,10
충남,부여군,2016,179,12
충남,부여군,2017,328,22
충남,부여군,2018,762,54
충남,부여군,2019,276,18
충남,부여군,2020,446,31
충남,부여군,2021,432,30
충남,부여군,2022,230,15
충남,부여군,2023,170,11
충남,부여군,2024,226,13
충남,서산시,2015,5119,395
충남,서산시,2016,5293,363
충남,서산시,2017,4998,353
충남,서산시,2018,6318,471
충남,서산시,2019,3041,225
충남,서산시,2020,5257,409
충남,서산시,2021,6048,459
충남,서산시,2022,2577,180
충남,서산시,2023,2353,168
충남,서산시,2024,3109,240
충남,서천군,2015,251,20
충남,서천군,2016,198,14
충남,서천군,2017,121,9
충남,서천군,2018,455,37
충남,서천군,2019,343,22
충남,서천군,2020,457,32
충남,서천군,2021,351,26
충남,서천군,2022,218,16
충남,서천군,2023,167,14
충남,서천군,2024,205,15
충남,아산시,2015,11249,777
충남,아산시,2016,9943,683
충남,아산시,2017,14843,1015
충남,아산시,2018,7655,578
충남,아산시,2019,10663,830
충남,아산시,2020,11445,817
충남,아산시,2021,24205,1706
충남,아산시,2022,8526,561
충남,아산시,2023,12733,933
충남,아산시,2024,14457,1054
충남,예산군,2015,655,46
충남,예산군,2016,529,36
충남,예산군,2017,1237,92
충남,예산군,2018,1225,90
충남,예산군,2019,790,55
충남,예산군,2020,2457,191
충남,예산군,2021,2916,222
충남,예산군,2022,1356,91
충남,예산군,2023,1322,115
충남,예산군,2024,1133,84
충남,천안시,2015,43624,3180
충남,천안시,2016,40340,2825
충남,천안시,2017,46330,3437
충남,천안시,2018,46164,3367
충남,천안시,2019,46660,3454
충남,천안시,2020,59680,4358
충남,천안시,2021,51298,3460
충남,천안시,2022,38728,2760
충남,천안시,2023,35640,2555
충남,천안시,2024,32790,2392
충남,청양군,2015,90,4
충남,청양군,2016,58,3
충남,청양군,2017,56,3
충남,청양군,2018,70,4
충남,청양군,2019,54,3
충남,청양군,2020,132,9
충남,청양군,2021,94,6
충남,청양군,2022,71,5
충남,청양군,2023,63,3
충남,청양군,2024,83,5
충남,태안군,2015,490,29
충남,태안군,2016,681,49
충남,태안군,2017,642,44
충남,태안군,2018,868,64
충남,태안군,2019,627,44
충남,태안군,2020,932,60
충남,태안군,2021,719,47
충남,태안군,2022,402,25
충남,태안군,2023,457,27
충남,태안군,2024,387,25
충남,홍성군,2015,2374,174
충남,홍성군,2016,3422,265
충남,홍성군,2017,1163,87
충남,홍성군,2018,960,72
충남,홍성군,2019,1031,76
충남,홍성군,2020,1671,127
충남,홍성군,2021,4577,359
충남,홍성군,2022,2881,230
충남,홍성군,2023,1774,142
충남,홍성군,2024,2383,189
충북,괴산군,2015,63,4
충북,괴산군,2016,64,4
충북,괴산군,2017,254,17
충북,괴산군,2018,58,3
충북,괴산군,2019,48,3
충북,괴산군,2020,68,5
충북,괴산군,2021,51,3
충북,괴산군,2022,54,4
충북,괴산군,2023,48,1
충북,괴산군,2024,50,2
충북,단양군,2015,145,8
충북,단양군,2016,142,7
충북,단양군,2017,231,14
충북,단양군,2018,457,28
충북,단양군,2019,229,14
충북,단양군,2020,163,8
충북,단양군,2021,752,56
충북,단양군,2022,160,10
충북,단양군,2023,316,22
충북,단양군,2024,164,9
충북,보은군,2015,216,16
충북,보은군,2016,184,12
충북,보은군,2017,247,16
충북,보은군,2018,227,16
충북,보은군,2019,520,38
충북,보은군,2020,285,20
충북,보은군,2021,183,12
충북,보은군,2022,300,21
충북,보은군,2023,279,24
충북,보은군,2024,306,22
충북,영동군,2015,283,20
충북,영동군,2016,999,57
충북,영동군,2017,350,21
충북,영동군,2018,252,15
충북,영동군,2019,224,15
충북,영동군,2020,207,13
충북,영동군,2021,307,22
충북,영동군,2022,298,21
충북,영동군,2023,254,16
충북,영동군,2024,339,22
충북,옥천군,2015,244,16
충북,옥천군,2016,273,18
충북,옥천군,2017,723,50
충북,옥천군,2018,578,40
충북,옥천군,2019,524,37
충북,옥천군,2020,563,37
충북,옥천군,2021,736,49
충북,옥천군,2022,555,43
충북,옥천군,2023,448,34
충북,옥천군,2024,594,46
충북,음성군,2015,2203,132
충북,음성군,2016,1587,101
충북,음성군,2017,2476,177
충북,음성군,2018,1700,114
충북,음성군,2019,1749,122
충북,음성군,2020,1703,113
충북,음성군,2021,1744,114
충북,음성군,2022,4678,367
충북,음성군,2023,3116,244
충북,음성군,2024,2090,155
충북,제천시,2015,2490,162
충북,제천시,2016,2774,194
충북,제천시,2017,3075,206
충북,제천시,2018,2705,220
충북,제천시,2019,2169,147
충북,제천시,2020,2733,180
충북,제천시,2021,2757,166
충북,제천시,2022,3201,228
충북,제천시,2023,1735,112
충북,제천시,2024,2270,147
충북,증평군,2015,806,51
충북,증평군,2016,588,38
충북,증평군,2017,395,26
충북,증평군,2018,312,21
충북,증평군,2019,303,20
충북,증평군,2020,1919,130
충북,증평군,2021,1580,112
충북,증평군,2022,993,65
충북,증평군,2023,633,42
충북,증평군,2024,524,34
충북,진천군,2015,1063,63
충북,진천군,2016,2159,153
충북,진천군,2017,1615,106
충북,진천군,2018,3906,298
충북,진천군,2019,1186,84
충북,진천군,2020,1234,88
충북,진천군,2021,6587,484
충북,진천군,2022,1692,122
충북,진천군,2023,1738,116
충북,진천군,2024,1177,78
충북,청주시,2015,39970,2917
충북,청주시,2016,39266,2698
충북,청주시,2017,43806,3089
충북,청주시,2018,57078,4330
충북,청주시,2019,47968,3662
충북,청주시,2020,57938,4378
충북,청주시,2021,56460,3910
충북,청주시,2022,34182,2514
충북,청주시,2023,42326,3229
충북,청주시,2024,47002,3702
충북,충주시,2015,3302,213
충북,충주시,2016,6125,387
충북,충주시,2017,5718,389
충북,충주시,2018,6951,482
충북,충주시,2019,3882,278
충북,충주시,2020,5802,372
충북,충주시,2021,8014,521
충북,충주시,2022,5391,367
충북,충주시,2023,3652,249
충북,충주시,2024,3875,258
